{"count":1,"self":3099.6668415999998,"total":37824.934858,"children":{"InitializeActuators":{"count":2,"self":0.001508,"total":0.001508,"children":null},"InitializeSensors":{"count":2,"self":0.0033659999999999996,"total":0.0033659999999999996,"children":null},"AgentSendState":{"count":40000203,"self":327.36575999999997,"total":532.395221,"children":{"CollectObservations":{"count":8000041,"self":21.1410368,"total":21.141037,"children":null},"WriteActionMask":{"count":8000041,"self":3.5180392,"total":3.518039,"children":null},"RequestDecision":{"count":8000041,"self":9.7121824,"total":180.370394,"children":{"AgentInfo.ToProto":{"count":8000041,"self":20.2956608,"total":170.658212,"children":{"GenerateSensorData":{"count":8000041,"self":133.7950592,"total":150.362551,"children":{"RayPerceptionSensor.Perceive":{"count":8000041,"self":16.5674864,"total":16.567487,"children":null}}}}}}}}},"DecideAction":{"count":40000203,"self":34145.753497599995,"total":34145.752910999996,"children":null},"AgentAct":{"count":40000203,"self":42.8527072,"total":42.864959999999996,"children":{"AgentInfo.ToProto":{"count":512,"self":0.001207,"total":0.012251999999999999,"children":{"GenerateSensorData":{"count":512,"self":0.009954,"total":0.011045,"children":{"RayPerceptionSensor.Perceive":{"count":512,"self":0.001091,"total":0.001091,"children":null}}}}}}},"AgentInfo.ToProto":{"count":192281,"self":0.57155,"total":4.248676,"children":{"GenerateSensorData":{"count":192281,"self":3.2673099999999997,"total":3.677126,"children":{"RayPerceptionSensor.Perceive":{"count":192281,"self":0.40981599999999996,"total":0.40981599999999996,"children":null}}}}}},"gauges":{"DroneNavigation.CumulativeReward":{"count":192793,"max":71.44757,"min":-230.522873,"runningAverage":19.8329964,"value":25.0663986,"weightedAverage":24.48132}},"metadata":{"timer_format_version":"0.1.0","start_time_seconds":"1756654840","unity_version":"2022.3.54f1","command_line_arguments":"\/home\/lpf\/unity-project\/MultiAgentRL\/headless_training\/headless.x86_64 --mlagents-port 5005 -logFile \/home\/lpf\/docker_shared\/rltraining_ws\/src\/nlp_drone_control\/config\/results\/DroneNavigation_v3\/run_logs\/Player-0.log","communication_protocol_version":"1.5.0","com.unity.ml-agents_version":"3.0.0","scene_name":"SingleAgentTest","end_time_seconds":"1756692664"}}